<?xml version="1.0" encoding="UTF-8"?>
<project-private xmlns="http://www.netbeans.org/ns/project-private/1">
    <editor-bookmarks xmlns="http://www.netbeans.org/ns/editor-bookmarks/2" lastBookmarkId="1">
        <file>
            <url>web/InicioSecion.html</url>
            <bookmark id="1">
                <name/>
                <line>37</line>
                <key/>
            </bookmark>
        </file>
    </editor-bookmarks>
    <open-files xmlns="http://www.netbeans.org/ns/projectui-open-files/2">
        <group>
            <file>file:/C:/Users/Linda%20Monterroso/Documents/NetBeansProjects/Proyecto1IPC2/web/JSP/ModuloAdministrador.jsp</file>
            <file>file:/C:/Users/Linda%20Monterroso/Documents/NetBeansProjects/Proyecto1IPC2/web/JSP/CrearIncidencia.jsp</file>
            <file>file:/C:/Users/Linda%20Monterroso/Documents/NetBeansProjects/Proyecto1IPC2/web/JSP/RespuestaSupervisor.jsp</file>
            <file>file:/C:/Users/Linda%20Monterroso/Documents/NetBeansProjects/Proyecto1IPC2/src/java/controladores/MostrarEnvio.java</file>
            <file>file:/C:/Users/Linda%20Monterroso/Documents/NetBeansProjects/Proyecto1IPC2/src/java/controladores/CargarArchivos.java</file>
            <file>file:/C:/Users/Linda%20Monterroso/Documents/NetBeansProjects/Proyecto1IPC2/src/java/controladores/BuscarEnvio.java</file>
            <file>file:/C:/Users/Linda%20Monterroso/Documents/NetBeansProjects/Proyecto1IPC2/src/java/controladores/BuscarDB.java</file>
            <file>file:/C:/Users/Linda%20Monterroso/Documents/NetBeansProjects/Proyecto1IPC2/web/JSP/SubirArchivo.jsp</file>
            <file>file:/C:/Users/Linda%20Monterroso/Documents/NetBeansProjects/Proyecto1IPC2/src/java/controladores/Escritor.java</file>
            <file>file:/C:/Users/Linda%20Monterroso/Documents/NetBeansProjects/Proyecto1IPC2/web/JSP/ModuloTienda.jsp</file>
        </group>
    </open-files>
</project-private>
